Sector,Orbit,Start Time,End Time,valid,Start_BTJD,End_BTJD
1,9,2018-07-25 19:29:42,2018-08-08 00:29:42,True,1325.3130924007855,1338.5214257300831
1,10,2018-08-09 03:59:41,2018-08-22 15:59:41,True,1339.6672474890947,1353.167247485835
2,11,2018-08-23 14:29:41,2018-09-05 15:29:41,True,1354.1047474853694,1367.1464141495526
2,12,2018-09-07 02:29:40,2018-09-19 23:59:40,True,1368.6047359085642,1381.5005692406558
3,13,2018-09-20 04:59:40,2018-09-21 00:29:40,True,1381.7089025736786,1382.5214025736786
3,13,2018-09-21 02:29:40,2018-09-22 02:59:40,True,1382.6047359071672,1383.62556924019
3,13,2018-09-22 03:59:40,2018-09-22 18:29:40,True,1383.6672359071672,1384.2714025736786
3,13,2018-09-22 19:29:40,2018-09-24 08:59:40,True,1384.31306924019,1385.87556924019
3,13,2018-09-24 10:29:40,2018-10-03 22:29:40,True,1385.93806924019,1395.4380692397244
3,13,2018-10-04 01:59:40,2018-10-04 22:59:40,True,1395.583902573213,1396.458902573213
3,13,2018-10-04 23:59:40,2018-10-05 01:29:40,True,1396.5005692397244,1396.5630692397244
3,14,2018-10-05 03:29:40,2018-10-17 20:59:39,True,1396.646402573213,1409.3755576661788
4,15,2018-10-19 09:59:39,2018-10-21 17:59:39,True,1410.917224333156,1413.2505576666445
4,15,2018-10-21 18:29:39,2018-10-26 23:29:39,True,1413.2713909996673,1418.4797243336216
4,15,2018-10-29 17:29:39,2018-10-31 23:59:39,True,1421.2297243340872,1423.5005576675758
4,16,2018-11-02 01:29:39,2018-11-14 07:59:38,True,1424.5630576680414,1436.8338794293813
5,17,2018-11-15 11:29:38,2018-11-27 16:29:38,True,1437.97971276287,1450.1880460991524
5,18,2018-11-29 01:29:38,2018-12-11 18:29:37,True,1451.563046099618,1464.2713678628206
6,19,2018-12-15 18:29:37,2018-12-24 12:29:37,True,1468.2713678642176,1477.0213678670116
6,20,2018-12-25 14:29:37,2019-01-06 12:59:36,True,1478.1047012005001,1490.0421896306798
7,21,2019-01-08 02:59:36,2019-01-19 12:29:36,True,1491.625522964634,1503.0213563013822
7,22,2019-01-21 04:59:36,2019-02-01 13:59:35,True,1504.7088563023135,1516.0838447315618
8,23,2019-02-02 20:29:35,2019-02-14 13:29:35,True,1517.354678065516,1529.0630114017986
8,24,2019-02-15 18:29:35,2019-02-17 05:29:35,True,1530.2713447352871,1531.7296780692413
8,24,2019-02-20 11:59:35,2019-02-27 11:59:34,True,1535.0005114031956,1542.0004998305812
9,25,2019-02-28 17:29:34,2019-03-13 00:59:34,True,1543.2296664975584,1555.542166499421
9,26,2019-03-14 05:29:34,2019-03-25 22:59:33,True,1556.729666499421,1568.4588215933181
10,27,2019-03-26 22:29:33,2019-04-08 06:29:33,True,1569.4379882598296,1581.7713215933181
10,28,2019-04-09 06:29:33,2019-04-22 03:59:32,True,1582.7713215933181,1595.667143351864
11,29,2019-04-23 06:29:32,2019-05-06 04:29:32,True,1596.7713100183755,1609.6879766830243
11,30,2019-05-07 06:59:32,2019-05-20 08:59:31,True,1610.7921433495358,1623.875465106219
12,31,2019-05-21 10:59:31,2019-06-04 11:29:31,True,1624.958798439242,1638.9796317690052
12,32,2019-06-05 12:59:31,2019-06-18 08:59:30,True,1640.0421317685395,1652.8754535238259
13,33,2019-06-19 09:59:30,2019-07-03 04:29:30,True,1653.9171201903373,1667.6879535191692
13,34,2019-07-04 02:59:30,2019-07-17 20:29:29,True,1668.6254535187036,1682.3546086070128
14,35,2019-07-18 20:29:29,2019-07-31 20:59:29,True,1683.3546086065471,1696.3754419358447
14,36,2019-08-01 20:29:29,2019-08-14 16:29:28,True,1697.3546086023562,1710.1879303581081
15,37,2019-08-15 20:59:28,2019-08-28 08:29:28,True,1711.3754303576425,1723.85459702136
15,38,2019-08-29 10:29:28,2019-09-10 21:29:27,True,1724.9379303548485,1737.3962521119975
16,39,2019-09-12 03:29:27,2019-09-23 20:29:27,True,1738.6462521115318,1750.3545854436234
16,40,2019-09-25 03:59:27,2019-10-06 19:29:26,True,1751.6670854436234,1763.312907202635
17,41,2019-10-08 04:29:26,2019-10-19 18:59:26,True,1764.687907202635,1776.2920738700777
17,42,2019-10-21 05:29:26,2019-11-01 15:59:25,True,1777.7295738700777,1789.1670622974634
17,42,2019-11-01 16:29:25,2019-11-02 04:29:25,True,1789.1878956304863,1789.6878956304863
18,43,2019-11-03 03:59:25,2019-11-03 14:29:25,True,1790.6670622974634,1791.1045622974634
18,43,2019-11-03 20:59:25,2019-11-14 22:29:25,True,1791.375395630952,1802.4378956332803
18,44,2019-11-15 22:59:25,2019-11-27 12:29:24,True,1803.4587289667688,1815.0212173955515
19,45,2019-11-28 13:59:24,2019-12-10 11:29:24,True,1816.0837173955515,1827.9795507322997
19,46,2019-12-11 10:59:24,2019-12-21 04:59:23,True,1828.9587173992768,1838.7087058285251
19,46,2019-12-21 05:29:23,2019-12-23 15:29:23,True,1838.7295391620137,1841.1462058294564
20,47,2019-12-24 23:59:23,2020-01-06 08:29:23,True,1842.5003724964336,1854.854539167136
20,48,2020-01-07 21:29:23,2020-01-16 23:29:22,True,1856.3962058345787,1865.47952759685
20,48,2020-01-16 23:59:22,2020-01-20 07:29:22,True,1865.5003609303385,1868.8128609312698
21,49,2020-01-21 22:29:22,2020-02-04 11:29:22,True,1870.4378609317355,1883.9795276024379
21,50,2020-02-05 09:59:22,2020-02-12 23:59:21,True,1884.9170276029035,1892.5003493642434
21,50,2020-02-13 00:29:21,2020-02-18 06:29:21,True,1892.521182697732,1897.7711826986633
22,51,2020-02-19 19:29:21,2020-02-29 22:29:21,True,1899.312849366106,1909.4378493679687
22,51,2020-02-29 23:29:21,2020-03-03 09:59:21,True,1909.4795160349458,1911.9170160354115
22,51,2020-03-03 10:29:21,2020-03-03 23:59:21,True,1911.9378493684344,1912.5003493684344
22,52,2020-03-05 01:59:21,2020-03-12 12:59:20,True,1913.583682701923,1921.0420044623315
22,52,2020-03-12 13:29:20,2020-03-17 23:29:20,True,1921.06283779582,1926.4795044632629
23,53,2020-03-19 14:29:20,2020-04-01 08:29:20,True,1928.1045044632629,1940.8545044637285
23,54,2020-04-02 07:59:20,2020-04-15 08:59:19,True,1941.8336711307056,1954.8753262227401
24,55,2020-04-16 06:59:19,2020-04-28 19:59:19,True,1955.7919928892516,1968.3336595548317
24,56,2020-04-29 18:29:18,2020-05-12 18:29:18,True,1969.2711479803547,1982.2711479780264
25,57,2020-05-14 03:29:18,2020-05-26 02:59:17,True,1983.6461479780264,1995.6253030677326
25,58,2020-05-27 09:59:17,2020-06-08 18:59:17,True,1996.9169697337784,2009.2919697305188
26,59,2020-06-09 18:29:17,2020-06-21 16:29:16,True,2010.2711363970302,2022.187791485805
26,60,2020-06-22 14:59:16,1971-12-31 00:00:00,False,2023.1252914853394,
27,61,2020-07-05 18:39:16,2020-07-17 14:59:15,True,2036.2780692591332,2048.125279903412
27,62,2020-07-18 15:39:15,2020-07-30 03:19:15,True,2049.1530576804653,2060.6391687882133
28,63,2020-07-31 08:19:15,2020-08-12 10:59:14,True,2061.847502121236,2073.958601654973
28,64,2020-08-13 15:39:14,2020-08-25 14:19:14,True,2075.1530460990034,2087.0974905407056
29,65,2020-08-26 17:39:14,2020-09-08 20:59:13,True,2088.2363794292323,2101.375256741885
29,66,2020-09-09 19:49:13,2020-09-21 22:19:13,True,2102.326645630412,2114.430812295992
30,67,2020-09-23 09:09:13,2020-10-06 15:19:12,True,2115.8822011845186,2129.139134054538
30,68,2020-10-07 16:59:12,2020-10-20 17:19:12,True,2130.208578499034,2143.222467388492
31,69,2020-10-22 00:19:12,2020-11-03 22:49:11,True,2144.514134055469,2157.451622482855
31,70,2020-11-05 08:39:11,2020-11-16 10:39:11,True,2158.861344705336,2169.944678040687
32,71,2020-11-20 17:19:11,2020-12-02 10:29:10,True,2174.222455819603,2185.9377220263705
32,72,2020-12-03 10:39:10,2020-12-16 17:29:10,True,2186.9446664713323,2200.2293886975385
33,73,2020-12-18 05:29:10,2020-12-30 08:39:09,True,2201.729388698004,2213.86132157268
33,74,2020-12-31 22:19:09,2021-01-13 01:39:09,True,2215.430766017642,2227.5696549103595
34,75,2021-01-14 05:59:09,2021-01-26 09:39:08,True,2228.750210466329,2240.9029766740277
34,76,2021-01-27 11:39:08,2021-02-08 13:29:08,True,2241.9863100075163,2254.062698900234
35,77,2021-02-09 11:39:08,2021-02-20 14:29:07,True,2254.9863100117072,2266.1043539959937
35,77,2021-02-20 20:59:07,2021-02-21 15:29:07,True,2266.3751873290166,2267.146020662505
35,78,2021-02-23 01:59:07,2021-03-06 11:29:07,True,2268.583520662971,2279.979353998322
36,79,2021-03-07 09:39:07,2021-03-19 08:29:06,True,2280.9029651097953,2292.8543424261734
36,80,2021-03-20 06:59:06,2021-04-01 11:39:06,True,2293.7918424261734,2305.9862868711352
37,81,2021-04-02 17:39:06,2021-04-14 12:39:05,True,2307.2362868711352,2319.0279419636354
37,82,2021-04-15 17:19:05,2021-04-28 01:49:05,True,2320.222386407666,2332.576553073246
38,83,2021-04-29 08:29:04,2021-05-11 19:59:04,True,2333.854319276754,2346.3334859414026
38,84,2021-05-12 19:09:04,2021-05-26 01:09:03,True,2347.2987637189217,2360.5487521416508
39,85,2021-05-27 06:29:03,2021-06-09 08:29:03,True,2361.770974363666,2374.8543076934293
39,86,2021-06-10 08:39:03,2021-06-24 05:09:02,True,2375.86125213746,2389.715407225769
40,87,2021-06-25 03:39:02,2021-07-08 21:29:02,True,2390.652907225769,2404.395962776616
40,88,2021-07-09 19:49:02,2021-07-23 08:29:01,True,2405.3265183316544,2418.854284531437
41,89,2021-07-24 11:39:01,2021-08-06 02:19:01,True,2419.9862289754674,2432.5973400827497
41,90,2021-08-07 05:09:01,2021-08-20 01:49:00,True,2433.715395637788,2446.5764951715246
42,91,2021-08-21 04:29:00,2021-09-02 19:18:59,True,2447.687606282532,2460.3056502612308
42,92,2021-09-03 17:38:59,2021-09-15 15:48:59,True,2461.2362058167346,2473.1598169263452
43,93,2021-09-16 15:58:59,2021-09-28 14:58:58,True,2474.1667613703758,2486.1250831289217
43,94,2021-09-29 16:18:58,2021-10-11 09:18:58,True,2487.1806386844255,2498.888972017914
44,95,2021-10-12 16:28:58,2021-10-24 05:18:58,True,2500.1875831289217,2511.7223053518683
44,96,2021-10-25 16:48:57,2021-10-31 21:58:57,True,2513.2014604443684,2519.4167382232845
44,96,2021-10-31 22:08:57,2021-11-05 22:28:57,True,2519.4236826677807,2524.4375715572387
45,97,2021-11-07 00:08:57,2021-11-19 11:28:56,True,2525.507016001735,2537.979226652533
45,98,2021-11-20 15:18:56,2021-12-02 02:58:56,True,2539.1389488750137,2550.625059989281
46,99,2021-12-03 01:28:56,2021-12-16 02:48:55,True,2551.5625599897467,2564.6181039749645
46,100,2021-12-17 12:18:55,2021-12-30 04:48:55,True,2566.0139373089187,2578.7014373131096
47,101,2021-12-31 07:08:55,2022-01-13 10:58:54,True,2579.7986595355906,2592.958370188251
47,102,2022-01-14 08:58:54,2022-01-27 10:28:54,True,2593.8750368552282,2606.937536859419
48,103,2022-01-28 10:18:54,2022-02-11 02:58:53,True,2607.930592414923,2621.625025289599
48,104,2022-02-12 12:58:53,2022-02-25 11:38:53,True,2623.041691956576,2635.986136403866
49,105,2022-02-26 23:18:53,2022-03-11 22:38:52,True,2637.4722475153394,2650.4444581656717
49,106,2022-03-12 21:58:52,2022-03-25 19:28:52,True,2651.4166803881526,2664.3125137225725
50,107,2022-03-26 18:28:52,2022-04-02 17:58:51,True,2665.270847056061,2672.250002149027
50,107,2022-04-02 22:08:51,2022-04-08 21:38:51,True,2672.4236132600345,2678.402779926546
50,108,2022-04-09 19:18:51,2022-04-22 00:08:51,True,2679.3055577045307,2691.5069465925917
51,109,2022-04-23 10:38:51,2022-05-05 04:38:50,True,2692.944446592126,2704.6944350167178
51,110,2022-05-06 04:18:50,2022-05-18 00:48:50,True,2705.6805461277254,2717.5347127919085
52,111,2022-05-19 03:08:50,2022-05-20 16:58:49,True,2718.631935013924,2720.208312328439
52,111,2022-05-20 17:08:49,2022-05-30 19:08:49,True,2720.2152567729354,2730.29859010363
52,112,2022-05-31 22:38:49,2022-06-12 13:48:49,True,2731.444423436653,2743.0763678778894
53,113,2022-06-13 11:48:48,2022-06-25 11:48:48,True,2743.9930229703896,2755.9930229661986
53,114,2022-06-26 09:48:48,2022-07-08 11:28:47,True,2756.90968963271,2768.9791224994697
54,115,2022-07-09 09:28:47,2022-07-21 19:58:47,True,2769.8957891655155,2782.33328916179
54,116,2022-07-23 00:38:47,2022-08-04 14:58:46,True,2783.5277336058207,2796.1249442500994
55,117,2022-08-05 14:18:46,2022-08-18 10:58:46,True,2797.0971664721146,2809.9582775798626
55,118,2022-08-19 08:48:46,2022-09-01 18:18:45,True,2810.867999801878,2824.2638215580955
56,119,2022-09-02 18:02:05,2022-09-09 05:22:05,True,2825.252247483935,2831.724469705019
56,119,2022-09-09 10:25:25,2022-09-16 00:18:45,True,2831.9351178533398,2838.513821555767
56,120,2022-09-16 05:22:05,2022-09-23 09:02:04,True,2838.724469704088,2845.87723590713
56,120,2022-09-23 14:02:04,2022-09-30 15:18:44,True,2846.0855692406185,2853.1388099808246
57,121,2022-09-30 20:22:04,2022-10-08 01:48:44,True,2853.349458129145,2860.5763099808246
57,121,2022-10-08 06:52:04,2022-10-10 18:45:24,True,2860.7869581286795,2863.282328499481
57,121,2022-10-13 21:48:44,2022-10-14 17:52:04,True,2866.409643314313,2867.245291462168
57,122,2022-10-14 22:55:24,2022-10-22 02:32:03,True,2867.4559396104887,2874.6063910000958
57,122,2022-10-22 07:35:23,2022-10-29 14:42:03,True,2874.8170391479507,2882.1133354450576
58,123,2022-10-29 19:45:23,2022-11-05 22:08:43,True,2882.323983593378,2889.4235206316225
58,123,2022-11-06 03:12:03,2022-11-12 13:18:42,True,2889.6341687794775,2896.0554535030387
58,124,2022-11-12 18:22:02,2022-11-19 21:12:02,True,2896.2661016513593,2903.38415720826
58,124,2022-11-20 02:15:22,2022-11-26 13:08:42,True,2903.5948053565808,2910.048509061802
59,125,2022-11-26 18:12:02,2022-12-03 05:48:42,True,2910.259157210123,2916.742953508161
59,125,2022-12-03 10:52:02,2022-12-04 06:28:42,True,2916.9536016564816,2917.7707312861457
59,125,2022-12-04 06:35:22,2022-12-09 20:18:41,True,2917.77536091581,2923.347108602524
59,126,2022-12-10 01:22:01,2022-12-16 18:38:41,True,2923.5577567508444,2930.277664160356
59,126,2022-12-16 23:42:01,2022-12-23 04:28:41,True,2930.4883123086765,2936.6873863846995
60,127,2022-12-23 09:32:01,2022-12-30 04:52:01,True,2936.89803453302,2943.7035900908522
60,127,2022-12-30 09:55:21,2023-01-05 06:22:00,True,2943.914238238707,2949.7660785187036
60,128,2023-01-05 11:25:20,2023-01-05 11:48:40,True,2949.9767266665585,2949.992930370383
60,128,2023-01-10 12:55:20,2023-01-11 17:48:40,True,2955.039226668421,2956.2429303727113
60,128,2023-01-11 22:52:00,2023-01-18 01:58:40,True,2956.453578520566,2962.5832081525587
61,129,2023-01-18 07:02:00,2023-01-24 19:58:40,True,2962.7938563008793,2969.3332081544213
61,129,2023-01-25 01:02:00,2023-01-30 16:41:59,True,2969.543856302742,2975.1966225081123
61,130,2023-01-30 21:45:19,2023-02-06 16:31:59,True,2975.407270656433,2982.1896780659445
61,130,2023-02-06 21:35:19,2023-02-12 17:21:59,True,2982.400326214265,2988.2244002898224
62,131,2023-02-12 22:25:19,2023-02-19 09:08:39,True,2988.435048438143,2994.881807698868
62,131,2023-02-19 14:11:59,2023-02-25 10:08:38,True,2995.092455847189,3000.9234627927653
62,132,2023-02-25 15:11:58,2023-03-04 00:48:38,True,3001.134110941086,3007.53457390517
62,132,2023-03-04 05:51:58,2023-03-10 15:38:38,True,3007.7452220534906,3014.152629461605
63,133,2023-03-10 20:41:58,2023-03-17 16:28:38,True,3014.3632776099257,3021.1873516845517
63,133,2023-03-17 21:31:58,2023-03-23 21:21:57,True,3021.3979998328723,3027.3910438148305
63,134,2023-03-24 02:25:17,2023-03-30 14:08:37,True,3027.601691963151,3034.0901178894565
63,134,2023-03-30 19:11:57,2023-04-06 09:31:57,True,3034.300766037777,3040.8979882597923
64,135,2023-04-06 14:35:17,2023-04-13 14:41:56,True,3041.108636408113,3048.1132544633
64,135,2023-04-13 19:45:16,2023-04-20 06:01:56,True,3048.3239026116207,3054.752143351827
64,135,2023-04-20 06:05:16,2023-04-20 13:51:56,True,3054.754458166659,3055.078532240819
64,136,2023-04-20 18:55:16,2023-04-27 17:11:56,True,3055.289180388674,3062.2174211288802
64,136,2023-04-27 22:15:16,2023-05-03 12:41:56,True,3062.428069277201,3068.029921127949
65,137,2023-05-04 05:35:16,2023-05-11 11:11:55,True,3068.7336248317733,3075.9674095525406
65,137,2023-05-11 16:15:15,2023-05-18 23:21:55,True,3076.1780577008612,3083.47435399564
65,138,2023-05-19 04:25:15,2023-05-22 23:11:55,True,3083.685002143495,3087.4674095502123
65,138,2023-05-22 23:15:15,2023-05-25 18:01:55,True,3087.4697243650444,3090.252131771762
65,138,2023-05-25 23:05:15,2023-06-01 02:05:15,True,3090.462779919617,3096.58777991822
66,139,2023-06-02 04:01:54,2023-06-09 09:18:34,True,3097.6687868623994,3104.88869426772
66,139,2023-06-09 14:21:54,2023-06-16 11:21:54,True,3105.0993424160406,3111.9743424137123
66,140,2023-06-16 16:25:14,2023-06-23 13:48:34,True,3112.184990562033,3119.076194263529
66,140,2023-06-23 17:51:54,2023-06-28 17:45:13,True,3119.2451757448725,3124.2405345398
66,140,2023-06-28 18:31:53,2023-06-30 22:11:53,True,3124.2729419469833,3126.4257197240368
67,141,2023-07-01 03:15:13,2023-07-07 14:41:53,True,3126.6363678723574,3133.1132197217084
67,141,2023-07-07 19:45:13,2023-07-14 17:58:33,True,3133.323867870029,3140.2497937935404
67,142,2023-07-14 23:01:53,2023-07-22 04:51:53,True,3140.460441941861,3147.7034974950366
67,142,2023-07-22 09:55:12,2023-07-28 21:28:32,True,3147.9141340688802,3154.395615548361
68,143,2023-07-29 02:31:52,2023-08-05 06:28:32,True,3154.6062636966817,3161.7706155464984
68,143,2023-08-05 11:31:52,2023-08-11 18:28:32,True,3161.9812636943534,3168.270615544636
68,144,2023-08-11 23:31:52,2023-08-18 12:31:51,True,3168.4812636924908,3175.022918783594
68,144,2023-08-18 16:35:11,2023-08-25 15:18:31,True,3175.1919002649374,3182.1386595228687
69,145,2023-08-25 20:21:51,2023-08-27 19:48:31,True,3182.3493076707236,3184.326159522403
69,145,2023-08-27 20:28:31,2023-08-31 16:21:51,True,3184.353937299922,3188.182641002815
69,145,2023-08-31 21:25:11,2023-09-07 11:48:31,True,3188.393289151136,3194.992826187052
69,146,2023-09-07 16:51:51,2023-09-14 00:18:30,True,3195.203474334907,3201.513647945132
69,146,2023-09-14 05:21:50,2023-09-20 15:18:30,True,3201.7242960934527,3208.1386479446664
70,147,2023-09-20 20:21:50,2023-09-27 01:01:50,True,3208.3492960925214,3214.543740536552
70,147,2023-09-27 06:05:10,2023-10-03 14:58:30,True,3214.7543886848725,3221.1247590547428
70,148,2023-10-03 20:01:50,2023-10-09 22:31:49,True,3221.3354072030634,3227.4395622955635
70,148,2023-10-10 03:35:09,2023-10-16 07:38:29,True,3227.650210443884,3233.8191919256933
71,149,2023-10-16 12:41:49,2023-10-22 23:48:29,True,3234.0298400735483,3240.4928030371666
71,149,2023-10-23 04:51:49,2023-10-29 12:08:29,True,3240.703451185487,3247.0066919266246
71,150,2023-10-29 17:11:49,2023-11-04 20:51:48,True,3247.2173400749452,3253.3701062793843
71,150,2023-11-05 01:55:08,2023-11-11 11:11:48,True,3253.580754427705,3259.9673285027966
72,151,2023-11-11 16:15:08,2023-11-17 20:18:28,True,3260.177976651117,3266.3469581338577
72,151,2023-11-18 01:21:48,2023-11-24 11:58:28,True,3266.5576062821783,3272.9997359132394
72,152,2023-11-24 17:01:48,2023-11-30 19:48:27,True,3273.21038406156,3279.3261132296175
72,152,2023-12-01 00:51:47,2023-12-07 01:58:27,True,3279.536761377938,3285.5830576759763
73,153,2023-12-07 07:01:47,2023-12-13 18:21:47,True,3285.793705824297,3292.265928048175
73,153,2023-12-13 23:25:07,2023-12-20 10:31:47,True,3292.4765761964954,3298.9395391615108
73,154,2023-12-20 15:35:07,2023-12-25 05:35:06,True,3299.1501873098314,3303.7335090707056
73,154,2023-12-27 16:31:46,2024-01-03 03:31:46,True,3306.189527589828,3312.647860925179
74,155,2024-01-03 08:35:06,2024-01-09 18:08:26,True,3312.8585090734996,3319.256657223683
74,155,2024-01-09 23:11:46,2024-01-16 08:18:25,True,3319.4673053720035,3325.846923429519
74,156,2024-01-16 13:21:45,2024-01-23 10:41:45,True,3326.0575715778396,3332.9464604691602
74,156,2024-01-23 14:45:05,2024-01-30 01:38:25,True,3333.1154419505037,3339.569145656191
75,157,2024-01-30 06:41:45,2024-02-05 16:11:45,True,3339.7797938045114,3346.175627139397
75,157,2024-02-05 21:15:05,2024-02-13 01:18:24,True,3346.3862752877176,3353.555245197378
75,158,2024-02-13 06:21:44,2024-02-19 14:51:44,True,3353.765893345233,3360.120060013607
75,158,2024-02-19 19:55:04,2024-02-26 23:31:44,True,3360.3307081619278,3367.4811711264774
76,159,2024-02-27 04:35:04,2024-03-04 13:58:23,True,3367.6918192743324,3374.083011405077
76,159,2024-03-04 19:01:43,2024-03-11 21:11:43,True,3374.2936595533974,3381.3839373323135
76,160,2024-03-12 02:15:03,2024-03-18 20:48:23,True,3381.594585480634,3388.3677336294204
76,160,2024-03-19 01:51:43,2024-03-25 06:38:23,True,3388.578381777741,3394.7774558519013
77,161,2024-03-25 23:31:43,2024-04-01 19:51:42,True,3395.4811595557258,3402.3283702041954
77,161,2024-04-02 00:55:04,2024-04-06 14:56:00,True,3402.5390415005386,3407.1230229819193
77,162,2024-04-16 15:26:23,2024-04-23 01:09:42,True,3417.144122518599,3423.549203536473
78,163,2024-05-03 18:19:42,2024-05-07 03:49:42,True,3434.264481313061,3437.660314645618
78,164,2024-05-07 08:49:42,2024-05-14 18:29:41,True,3437.8686479791068,3445.2714141812176
78,164,2024-05-14 23:29:41,2024-05-19 02:46:21,True,3445.479747514706,3449.616321587935
79,165,2024-05-22 00:46:21,2024-05-28 15:49:41,True,3452.532988253981,3459.1603030669503
79,165,2024-05-28 20:49:41,2024-06-04 02:23:00,True,3459.368636399973,3465.6001063059084
79,166,2024-06-04 07:26:20,2024-06-11 14:39:40,True,3465.810754454229,3473.1116803777404
79,166,2024-06-11 19:39:40,2024-06-18 04:09:40,True,3473.320013711229,3479.6741803758778
80,167,2024-06-18 09:09:40,2024-06-24 22:53:00,True,3479.8825137093663,3486.4542729663663
80,167,2024-06-25 03:56:20,2024-07-01 20:12:59,True,3486.664921114221,3493.343150279019
80,168,2024-07-02 01:16:19,2024-07-08 11:52:59,True,3493.553798426874,3499.9959280546755
80,168,2024-07-08 16:49:39,2024-07-14 20:02:59,True,3500.2019465728663,3506.336205830332
81,169,2024-07-15 01:06:19,2024-07-21 21:12:59,True,3506.5468539786525,3513.384816939477
81,169,2024-07-22 02:16:19,2024-07-27 17:06:18,True,3513.595465087332,3519.2135090669617
81,170,2024-07-28 06:46:18,2024-08-03 14:32:58,True,3519.782953511458,3526.1070275837556
81,170,2024-08-03 19:36:18,2024-08-10 16:12:58,True,3526.3176757316105,3533.1764720259234
82,171,2024-08-10 21:16:18,2024-08-16 18:12:57,True,3533.387120174244,3539.2597937840037
82,171,2024-08-16 23:16:17,2024-08-22 23:02:57,True,3539.4704419318587,3545.4611826711334
82,172,2024-08-23 04:06:17,2024-08-29 15:52:57,True,3545.671830819454,3552.162571558729
82,172,2024-08-29 20:56:17,2024-09-05 17:52:57,True,3552.3732197070494,3559.2459048908204
83,173,2024-09-05 22:06:17,2024-09-08 12:09:37,True,3559.42183081666,3562.007478964515
83,173,2024-09-08 12:49:37,2024-09-11 08:02:56,True,3562.0352567424998,3564.8361710938625
83,173,2024-09-11 12:36:16,2024-09-18 04:59:36,True,3565.0259859086946,3571.708856278099
83,174,2024-09-18 09:59:36,2024-09-24 07:32:56,True,3571.9171896115877,3577.815337758977
83,174,2024-09-24 12:36:16,2024-09-30 20:59:36,True,3578.0259859072976,3584.375522944145
84,175,2024-10-01 01:59:36,2024-10-07 06:49:35,True,3584.583856277168,3590.785233592149
84,175,2024-10-07 11:49:35,2024-10-11 22:12:55,True,3590.9935669256374,3595.4264372959733
84,175,2024-10-11 23:02:55,2024-10-13 19:09:35,True,3595.4611595179886,3597.2991224811412
84,176,2024-10-14 00:09:35,2024-10-20 11:22:55,True,3597.50745581463,3603.9750484074466
84,176,2024-10-20 16:26:15,2024-10-26 20:09:35,True,3604.185696555767,3610.3407891490497
85,177,2024-10-27 01:09:35,2024-11-02 11:32:54,True,3610.5491224820726,3616.9819812793285
85,177,2024-11-02 16:36:14,2024-11-08 17:32:54,True,3617.192629427649,3623.2319812807254
85,178,2024-11-08 22:36:14,2024-11-15 06:02:54,True,3623.4426294285804,3629.7528146151453
85,178,2024-11-15 11:06:14,2024-11-21 13:02:54,True,3629.963462763466,3636.0444812830538
86,179,2024-11-21 18:06:14,2024-11-28 06:02:53,True,3636.2551294313744,3642.752803043928
86,179,2024-11-28 11:06:13,2024-12-05 02:32:53,True,3642.9634511922486,3649.6069697127678
86,180,2024-12-05 07:36:13,2024-12-11 07:49:33,True,3649.8176178610884,3655.8268771218136
86,180,2024-12-11 12:49:33,2024-12-18 07:49:33,True,3656.035210455302,3662.826877124142
87,181,2024-12-18 12:49:32,2024-12-25 00:19:32,True,3663.035198883619,3669.514365552459
87,181,2024-12-25 05:19:32,2024-12-31 22:32:52,True,3669.722698885482,3676.440291480627
87,182,2025-01-01 03:36:12,2025-01-07 23:22:52,True,3676.650939628482,3683.4750137049705
87,182,2025-01-08 04:26:12,2025-01-14 10:29:31,True,3683.685661853291,3689.9379650959745
88,183,2025-01-14 15:29:31,2025-01-21 06:39:31,True,3690.146298429463,3696.778242875822
88,183,2025-01-21 11:39:31,2025-01-28 09:19:31,True,3696.9865762093104,3703.889353989158
88,184,2025-01-28 14:19:31,2025-02-04 21:29:31,True,3704.0976873226464,3711.3962984359823
88,184,2025-02-05 02:29:31,2025-02-11 10:09:30,True,3711.604631769471,3717.9240646413527
89,185,2025-02-11 15:09:30,2025-02-19 01:02:50,True,3718.1323979748413,3725.5444350135513
89,185,2025-02-19 06:06:10,2025-02-26 10:39:30,True,3725.755083161872,3732.944897978101
89,186,2025-02-26 15:39:30,2025-03-05 04:49:29,True,3733.1532313115895,3739.701830849983
89,186,2025-03-05 09:49:29,2025-03-12 10:39:29,True,3739.9101641830057,3746.944886406418
90,187,2025-03-12 15:39:29,2025-03-19 04:12:49,True,3747.1532197399065,3753.6763678886928
90,187,2025-03-19 09:16:09,2025-03-25 17:32:49,True,3753.8870160365477,3760.2319234446622
90,188,2025-03-26 10:36:09,2025-04-02 16:32:48,True,3760.942571592983,3768.1902452041395
90,188,2025-04-02 21:36:08,2025-04-09 13:49:28,True,3768.40089335246,3775.0768192783
91,189,2025-04-09 18:49:28,2025-04-16 19:32:48,True,3775.2851526113227,3782.315245203674
91,189,2025-04-17 00:36:08,2025-04-17 03:29:28,True,3782.5258933519945,3782.6462637223303
91,189,2025-04-18 19:26:08,2025-04-18 19:42:48,True,3784.3106155740097,3784.3221896477044
91,189,2025-04-20 22:22:48,2025-04-23 18:09:27,True,3786.433300758712,3789.2573632583953
91,190,2025-04-23 22:09:27,2025-04-30 13:52:47,True,3789.4240299253725,3796.0791225167923
91,190,2025-04-30 18:56:07,2025-05-07 06:09:27,True,3796.289770665113,3802.7573632565327
92,191,2025-05-07 11:09:27,2025-05-14 00:09:27,True,3802.9656965900213,3809.5073632556014
92,192,2025-05-21 04:29:26,2025-05-27 10:32:46,True,3816.6879072352313,3822.9402220486663
93,193,2025-06-03 08:26:06,2025-06-09 19:49:26,True,3829.852259083651,3836.3267961191013
94,195,2025-06-29 18:09:25,2025-07-05 19:39:24,True,3856.2573400945403,3862.3198285182007
94,196,2025-07-12 10:29:24,2025-07-19 07:29:24,True,3868.937884071842,3875.8128840695135
95,198,2025-08-07 08:59:23,2025-08-07 23:26:03,True,3894.8753724899143,3895.4772243415937
95,198,2025-08-07 23:32:43,2025-08-13 14:22:43,True,3895.481853971258,3901.0999095253646
96,199,2025-08-20 06:26:03,2025-08-26 16:32:42,True,3907.768891005311,3914.1901757260785
97,201,2025-09-15 03:39:22,2025-09-22 05:12:41,True,3933.6531386859715,3940.717941925861
97,201,2025-09-22 10:16:01,2025-09-28 08:42:41,True,3940.9285900741816,3946.863775258884
97,202,2025-09-28 13:46:01,2025-10-05 13:49:21,True,3947.0744234072044,3954.0767382220365
97,202,2025-10-05 18:49:21,2025-10-12 00:59:20,True,3954.2850715550594,3960.5420044255443
98,203,2025-10-12 05:59:20,2025-10-18 23:42:40,True,3960.750337759033,3967.488763685338
98,203,2025-10-19 03:36:00,2025-10-26 06:02:40,True,3967.6508007221855,3974.7526525747962
98,204,2025-10-26 11:06:00,2025-11-02 07:29:20,True,3974.963300723117,3981.8128377608955
98,204,2025-11-02 12:29:20,2025-11-08 18:49:19,True,3982.021171094384,3988.2850484102964
99,205,2025-11-08 23:49:19,2025-11-16 02:29:19,True,3988.493381743785,3995.6044928561896
99,205,2025-11-16 07:29:19,2025-11-23 07:02:39,True,3995.812826189678,4002.7943076724187
99,206,2025-11-23 12:05:59,2025-11-30 07:39:18,True,4003.0049558207393,4009.8197590634227
99,206,2025-11-30 12:39:18,2025-12-07 09:09:18,True,4010.0280923969112,4016.8822590652853
100,207,2025-12-07 14:09:18,2025-12-14 19:22:38,True,4017.090592398774,4024.3081849934533
100,207,2025-12-15 00:25:58,2025-12-22 02:02:38,True,4024.518833141774,4031.5859627737664
100,208,2025-12-22 07:05:58,2025-12-29 03:02:37,True,4031.7966109216213,4038.627617868595
100,208,2025-12-29 08:05:57,2026-01-05 09:32:37,True,4038.8382660169154,4045.8984512044117
101,209,2026-01-05 14:35:57,2026-01-12 03:19:17,True,4046.1090993522666,4052.639191946946
101,209,2026-01-12 08:22:37,2026-01-15 05:42:37,True,4052.8498400952667,4055.7387289851904
101,210,2026-01-22 12:15:56,2026-01-26 16:32:36,True,4063.011865561828,4067.190106303431
101,210,2026-01-26 21:35:56,2026-02-02 06:39:16,True,4067.4007544517517,4073.7780692684464
102,211,2026-02-02 11:42:36,2026-02-09 05:02:36,True,4073.988717416767,4080.710939640645
102,211,2026-02-09 08:42:36,2026-02-15 18:32:35,True,4080.8637174186297,4087.2734280684963
102,212,2026-02-15 23:35:55,2026-02-22 14:32:35,True,4087.484076216817,4094.106761403382
102,212,2026-02-22 19:35:55,2026-02-27 17:22:35,True,4094.3174095517024,4099.224816959817
102,212,2026-02-27 18:15:55,2026-02-28 23:09:15,True,4099.26185399713,4100.465557700954
103,213,2026-03-01 04:12:35,2026-03-07 13:19:15,True,4100.676205849275,4107.05583547987
103,213,2026-03-07 18:22:35,2026-03-14 00:52:34,True,4107.266483627725,4113.537305388134
103,214,2026-03-14 05:55:54,2026-03-20 13:02:34,True,4113.747953535989,4120.044249833096
103,214,2026-03-20 18:05:54,2026-03-27 07:19:14,True,4120.254897981416,4126.805823907722
